Country	Code	Indicator	Indicator Code	diabetes
Aruba	ABW	Diabetes prevalence (% of population ages 20 to 79)	SH.STA.DIAB.ZS	11.6
Afghanistan	AFG	Diabetes prevalence (% of population ages 20 to 79)	SH.STA.DIAB.ZS	9.2
Angola	AGO	Diabetes prevalence (% of population ages 20 to 79)	SH.STA.DIAB.ZS	4.5
Albania	ALB	Diabetes prevalence (% of population ages 20 to 79)	SH.STA.DIAB.ZS	9
Andorra	AND	Diabetes prevalence (% of population ages 20 to 79)	SH.STA.DIAB.ZS	7.7
Arab World	ARB	Diabetes prevalence (% of population ages 20 to 79)	SH.STA.DIAB.ZS	12.53600145
United Arab Emirates	ARE	Diabetes prevalence (% of population ages 20 to 79)	SH.STA.DIAB.ZS	16.3
Argentina	ARG	Diabetes prevalence (% of population ages 20 to 79)	SH.STA.DIAB.ZS	5.9
Armenia	ARM	Diabetes prevalence (% of population ages 20 to 79)	SH.STA.DIAB.ZS	6.1
American Samoa	ASM	Diabetes prevalence (% of population ages 20 to 79)	SH.STA.DIAB.ZS	
Antigua and Barbuda	ATG	Diabetes prevalence (% of population ages 20 to 79)	SH.STA.DIAB.ZS	13.1
Australia	AUS	Diabetes prevalence (% of population ages 20 to 79)	SH.STA.DIAB.ZS	5.6
Austria	AUT	Diabetes prevalence (% of population ages 20 to 79)	SH.STA.DIAB.ZS	6.6
Azerbaijan	AZE	Diabetes prevalence (% of population ages 20 to 79)	SH.STA.DIAB.ZS	6.1
Burundi	BDI	Diabetes prevalence (% of population ages 20 to 79)	SH.STA.DIAB.ZS	5.1
Belgium	BEL	Diabetes prevalence (% of population ages 20 to 79)	SH.STA.DIAB.ZS	4.6
Benin	BEN	Diabetes prevalence (% of population ages 20 to 79)	SH.STA.DIAB.ZS	1
Burkina Faso	BFA	Diabetes prevalence (% of population ages 20 to 79)	SH.STA.DIAB.ZS	7.3
Bangladesh	BGD	Diabetes prevalence (% of population ages 20 to 79)	SH.STA.DIAB.ZS	9.2
Bulgaria	BGR	Diabetes prevalence (% of population ages 20 to 79)	SH.STA.DIAB.ZS	6
Bahrain	BHR	Diabetes prevalence (% of population ages 20 to 79)	SH.STA.DIAB.ZS	15.6
"Bahamas, The"	BHS	Diabetes prevalence (% of population ages 20 to 79)	SH.STA.DIAB.ZS	8.8
Bosnia and Herzegovina	BIH	Diabetes prevalence (% of population ages 20 to 79)	SH.STA.DIAB.ZS	9
Belarus	BLR	Diabetes prevalence (% of population ages 20 to 79)	SH.STA.DIAB.ZS	5
Belize	BLZ	Diabetes prevalence (% of population ages 20 to 79)	SH.STA.DIAB.ZS	17.1
Bermuda	BMU	Diabetes prevalence (% of population ages 20 to 79)	SH.STA.DIAB.ZS	6.7
Bolivia	BOL	Diabetes prevalence (% of population ages 20 to 79)	SH.STA.DIAB.ZS	6.8
Brazil	BRA	Diabetes prevalence (% of population ages 20 to 79)	SH.STA.DIAB.ZS	10.4
Barbados	BRB	Diabetes prevalence (% of population ages 20 to 79)	SH.STA.DIAB.ZS	13.4
Brunei Darussalam	BRN	Diabetes prevalence (% of population ages 20 to 79)	SH.STA.DIAB.ZS	13.3
Bhutan	BTN	Diabetes prevalence (% of population ages 20 to 79)	SH.STA.DIAB.ZS	10.3
Botswana	BWA	Diabetes prevalence (% of population ages 20 to 79)	SH.STA.DIAB.ZS	5.8
Central African Republic	CAF	Diabetes prevalence (% of population ages 20 to 79)	SH.STA.DIAB.ZS	6
Canada	CAN	Diabetes prevalence (% of population ages 20 to 79)	SH.STA.DIAB.ZS	7.6
Central Europe and the Baltics	CEB	Diabetes prevalence (% of population ages 20 to 79)	SH.STA.DIAB.ZS	6.295911779
Switzerland	CHE	Diabetes prevalence (% of population ages 20 to 79)	SH.STA.DIAB.ZS	5.7
Channel Islands	CHI	Diabetes prevalence (% of population ages 20 to 79)	SH.STA.DIAB.ZS	3.9
Chile	CHL	Diabetes prevalence (% of population ages 20 to 79)	SH.STA.DIAB.ZS	8.6
China	CHN	Diabetes prevalence (% of population ages 20 to 79)	SH.STA.DIAB.ZS	9.2
Cote d'Ivoire	CIV	Diabetes prevalence (% of population ages 20 to 79)	SH.STA.DIAB.ZS	2.4
Cameroon	CMR	Diabetes prevalence (% of population ages 20 to 79)	SH.STA.DIAB.ZS	6
"Congo, Dem. Rep."	COD	Diabetes prevalence (% of population ages 20 to 79)	SH.STA.DIAB.ZS	6
"Congo, Rep."	COG	Diabetes prevalence (% of population ages 20 to 79)	SH.STA.DIAB.ZS	6
Colombia	COL	Diabetes prevalence (% of population ages 20 to 79)	SH.STA.DIAB.ZS	7.4
Comoros	COM	Diabetes prevalence (% of population ages 20 to 79)	SH.STA.DIAB.ZS	12.3
Cabo Verde	CPV	Diabetes prevalence (% of population ages 20 to 79)	SH.STA.DIAB.ZS	2.4
Costa Rica	CRI	Diabetes prevalence (% of population ages 20 to 79)	SH.STA.DIAB.ZS	9.1
Caribbean small states	CSS	Diabetes prevalence (% of population ages 20 to 79)	SH.STA.DIAB.ZS	11.62934596
Cuba	CUB	Diabetes prevalence (% of population ages 20 to 79)	SH.STA.DIAB.ZS	9.6
Curacao	CUW	Diabetes prevalence (% of population ages 20 to 79)	SH.STA.DIAB.ZS	11.6
Cayman Islands	CYM	Diabetes prevalence (% of population ages 20 to 79)	SH.STA.DIAB.ZS	6.8
Cyprus	CYP	Diabetes prevalence (% of population ages 20 to 79)	SH.STA.DIAB.ZS	9
Czech Republic	CZE	Diabetes prevalence (% of population ages 20 to 79)	SH.STA.DIAB.ZS	7
Germany	DEU	Diabetes prevalence (% of population ages 20 to 79)	SH.STA.DIAB.ZS	10.4
Djibouti	DJI	Diabetes prevalence (% of population ages 20 to 79)	SH.STA.DIAB.ZS	5.1
Dominica	DMA	Diabetes prevalence (% of population ages 20 to 79)	SH.STA.DIAB.ZS	11.6
Denmark	DNK	Diabetes prevalence (% of population ages 20 to 79)	SH.STA.DIAB.ZS	8.3
Dominican Republic	DOM	Diabetes prevalence (% of population ages 20 to 79)	SH.STA.DIAB.ZS	8.6
Algeria	DZA	Diabetes prevalence (% of population ages 20 to 79)	SH.STA.DIAB.ZS	6.7
East Asia & Pacific (excluding high income)	EAP	Diabetes prevalence (% of population ages 20 to 79)	SH.STA.DIAB.ZS	8.488061774
Early-demographic dividend	EAR	Diabetes prevalence (% of population ages 20 to 79)	SH.STA.DIAB.ZS	10.09091054
East Asia & Pacific	EAS	Diabetes prevalence (% of population ages 20 to 79)	SH.STA.DIAB.ZS	8.202553336
Europe & Central Asia (excluding high income)	ECA	Diabetes prevalence (% of population ages 20 to 79)	SH.STA.DIAB.ZS	7.231584795
Europe & Central Asia	ECS	Diabetes prevalence (% of population ages 20 to 79)	SH.STA.DIAB.ZS	6.686883994
Ecuador	ECU	Diabetes prevalence (% of population ages 20 to 79)	SH.STA.DIAB.ZS	5.5
"Egypt, Arab Rep."	EGY	Diabetes prevalence (% of population ages 20 to 79)	SH.STA.DIAB.ZS	17.2
Euro area	EMU	Diabetes prevalence (% of population ages 20 to 79)	SH.STA.DIAB.ZS	6.759903934
Eritrea	ERI	Diabetes prevalence (% of population ages 20 to 79)	SH.STA.DIAB.ZS	5.1
Spain	ESP	Diabetes prevalence (% of population ages 20 to 79)	SH.STA.DIAB.ZS	6.9
Estonia	EST	Diabetes prevalence (% of population ages 20 to 79)	SH.STA.DIAB.ZS	4.2
Ethiopia	ETH	Diabetes prevalence (% of population ages 20 to 79)	SH.STA.DIAB.ZS	4.3
European Union	EUU	Diabetes prevalence (% of population ages 20 to 79)	SH.STA.DIAB.ZS	6.670443007
Fragile and conflict affected situations	FCS	Diabetes prevalence (% of population ages 20 to 79)	SH.STA.DIAB.ZS	6.478645231
Finland	FIN	Diabetes prevalence (% of population ages 20 to 79)	SH.STA.DIAB.ZS	5.6
Fiji	FJI	Diabetes prevalence (% of population ages 20 to 79)	SH.STA.DIAB.ZS	14.7
France	FRA	Diabetes prevalence (% of population ages 20 to 79)	SH.STA.DIAB.ZS	4.8
Faroe Islands	FRO	Diabetes prevalence (% of population ages 20 to 79)	SH.STA.DIAB.ZS	4.7
"Micronesia, Fed. Sts."	FSM	Diabetes prevalence (% of population ages 20 to 79)	SH.STA.DIAB.ZS	11.9
Gabon	GAB	Diabetes prevalence (% of population ages 20 to 79)	SH.STA.DIAB.ZS	6
United Kingdom	GBR	Diabetes prevalence (% of population ages 20 to 79)	SH.STA.DIAB.ZS	3.9
Georgia	GEO	Diabetes prevalence (% of population ages 20 to 79)	SH.STA.DIAB.ZS	5.8
Ghana	GHA	Diabetes prevalence (% of population ages 20 to 79)	SH.STA.DIAB.ZS	2.5
Gibraltar	GIB	Diabetes prevalence (% of population ages 20 to 79)	SH.STA.DIAB.ZS	
Guinea	GIN	Diabetes prevalence (% of population ages 20 to 79)	SH.STA.DIAB.ZS	2.4
"Gambia, The"	GMB	Diabetes prevalence (% of population ages 20 to 79)	SH.STA.DIAB.ZS	1.9
Guinea-Bissau	GNB	Diabetes prevalence (% of population ages 20 to 79)	SH.STA.DIAB.ZS	2.4
Equatorial Guinea	GNQ	Diabetes prevalence (% of population ages 20 to 79)	SH.STA.DIAB.ZS	6
Greece	GRC	Diabetes prevalence (% of population ages 20 to 79)	SH.STA.DIAB.ZS	4.7
Grenada	GRD	Diabetes prevalence (% of population ages 20 to 79)	SH.STA.DIAB.ZS	10.7
Greenland	GRL	Diabetes prevalence (% of population ages 20 to 79)	SH.STA.DIAB.ZS	2.1
Guatemala	GTM	Diabetes prevalence (% of population ages 20 to 79)	SH.STA.DIAB.ZS	10
Guam	GUM	Diabetes prevalence (% of population ages 20 to 79)	SH.STA.DIAB.ZS	18.7
Guyana	GUY	Diabetes prevalence (% of population ages 20 to 79)	SH.STA.DIAB.ZS	11.6
High income	HIC	Diabetes prevalence (% of population ages 20 to 79)	SH.STA.DIAB.ZS	7.931522103
"Hong Kong SAR, China"	HKG	Diabetes prevalence (% of population ages 20 to 79)	SH.STA.DIAB.ZS	4.5
Honduras	HND	Diabetes prevalence (% of population ages 20 to 79)	SH.STA.DIAB.ZS	7.3
Heavily indebted poor countries (HIPC)	HPC	Diabetes prevalence (% of population ages 20 to 79)	SH.STA.DIAB.ZS	5.729318974
Croatia	HRV	Diabetes prevalence (% of population ages 20 to 79)	SH.STA.DIAB.ZS	5.4
Haiti	HTI	Diabetes prevalence (% of population ages 20 to 79)	SH.STA.DIAB.ZS	6.7
Hungary	HUN	Diabetes prevalence (% of population ages 20 to 79)	SH.STA.DIAB.ZS	6.9
IBRD only	IBD	Diabetes prevalence (% of population ages 20 to 79)	SH.STA.DIAB.ZS	9.30199595
IDA & IBRD total	IBT	Diabetes prevalence (% of population ages 20 to 79)	SH.STA.DIAB.ZS	8.986874606
IDA total	IDA	Diabetes prevalence (% of population ages 20 to 79)	SH.STA.DIAB.ZS	7.851218915
IDA blend	IDB	Diabetes prevalence (% of population ages 20 to 79)	SH.STA.DIAB.ZS	10.60474367
Indonesia	IDN	Diabetes prevalence (% of population ages 20 to 79)	SH.STA.DIAB.ZS	6.3
IDA only	IDX	Diabetes prevalence (% of population ages 20 to 79)	SH.STA.DIAB.ZS	6.457722398
Isle of Man	IMN	Diabetes prevalence (% of population ages 20 to 79)	SH.STA.DIAB.ZS	
India	IND	Diabetes prevalence (% of population ages 20 to 79)	SH.STA.DIAB.ZS	10.4
Not classified	INX	Diabetes prevalence (% of population ages 20 to 79)	SH.STA.DIAB.ZS	
Ireland	IRL	Diabetes prevalence (% of population ages 20 to 79)	SH.STA.DIAB.ZS	3.2
"Iran, Islamic Rep."	IRN	Diabetes prevalence (% of population ages 20 to 79)	SH.STA.DIAB.ZS	9.6
Iraq	IRQ	Diabetes prevalence (% of population ages 20 to 79)	SH.STA.DIAB.ZS	8.8
Iceland	ISL	Diabetes prevalence (% of population ages 20 to 79)	SH.STA.DIAB.ZS	5.8
Israel	ISR	Diabetes prevalence (% of population ages 20 to 79)	SH.STA.DIAB.ZS	9.7
Italy	ITA	Diabetes prevalence (% of population ages 20 to 79)	SH.STA.DIAB.ZS	5
Jamaica	JAM	Diabetes prevalence (% of population ages 20 to 79)	SH.STA.DIAB.ZS	11.3
Jordan	JOR	Diabetes prevalence (% of population ages 20 to 79)	SH.STA.DIAB.ZS	12.7
Japan	JPN	Diabetes prevalence (% of population ages 20 to 79)	SH.STA.DIAB.ZS	5.6
Kazakhstan	KAZ	Diabetes prevalence (% of population ages 20 to 79)	SH.STA.DIAB.ZS	6.1
Kenya	KEN	Diabetes prevalence (% of population ages 20 to 79)	SH.STA.DIAB.ZS	3.1
Kyrgyz Republic	KGZ	Diabetes prevalence (% of population ages 20 to 79)	SH.STA.DIAB.ZS	6.1
Cambodia	KHM	Diabetes prevalence (% of population ages 20 to 79)	SH.STA.DIAB.ZS	6.4
Kiribati	KIR	Diabetes prevalence (% of population ages 20 to 79)	SH.STA.DIAB.ZS	22.5
St. Kitts and Nevis	KNA	Diabetes prevalence (% of population ages 20 to 79)	SH.STA.DIAB.ZS	13.3
"Korea, Rep."	KOR	Diabetes prevalence (% of population ages 20 to 79)	SH.STA.DIAB.ZS	6.9
Kuwait	KWT	Diabetes prevalence (% of population ages 20 to 79)	SH.STA.DIAB.ZS	12.2
Latin America & Caribbean (excluding high income)	LAC	Diabetes prevalence (% of population ages 20 to 79)	SH.STA.DIAB.ZS	9.728371345
Lao PDR	LAO	Diabetes prevalence (% of population ages 20 to 79)	SH.STA.DIAB.ZS	6.4
Lebanon	LBN	Diabetes prevalence (% of population ages 20 to 79)	SH.STA.DIAB.ZS	11.2
Liberia	LBR	Diabetes prevalence (% of population ages 20 to 79)	SH.STA.DIAB.ZS	2.4
Libya	LBY	Diabetes prevalence (% of population ages 20 to 79)	SH.STA.DIAB.ZS	10.2
St. Lucia	LCA	Diabetes prevalence (% of population ages 20 to 79)	SH.STA.DIAB.ZS	11.6
Latin America & Caribbean	LCN	Diabetes prevalence (% of population ages 20 to 79)	SH.STA.DIAB.ZS	9.694271178
Least developed countries: UN classification	LDC	Diabetes prevalence (% of population ages 20 to 79)	SH.STA.DIAB.ZS	6.442058188
Low income	LIC	Diabetes prevalence (% of population ages 20 to 79)	SH.STA.DIAB.ZS	6.393278833
Liechtenstein	LIE	Diabetes prevalence (% of population ages 20 to 79)	SH.STA.DIAB.ZS	9.4
Sri Lanka	LKA	Diabetes prevalence (% of population ages 20 to 79)	SH.STA.DIAB.ZS	10.7
Lower middle income	LMC	Diabetes prevalence (% of population ages 20 to 79)	SH.STA.DIAB.ZS	9.513236979
Low & middle income	LMY	Diabetes prevalence (% of population ages 20 to 79)	SH.STA.DIAB.ZS	9.006537239
Lesotho	LSO	Diabetes prevalence (% of population ages 20 to 79)	SH.STA.DIAB.ZS	4.5
Late-demographic dividend	LTE	Diabetes prevalence (% of population ages 20 to 79)	SH.STA.DIAB.ZS	8.830905705
Lithuania	LTU	Diabetes prevalence (% of population ages 20 to 79)	SH.STA.DIAB.ZS	3.8
Luxembourg	LUX	Diabetes prevalence (% of population ages 20 to 79)	SH.STA.DIAB.ZS	5
Latvia	LVA	Diabetes prevalence (% of population ages 20 to 79)	SH.STA.DIAB.ZS	5
"Macao SAR, China"	MAC	Diabetes prevalence (% of population ages 20 to 79)	SH.STA.DIAB.ZS	4.3
St. Martin (French part)	MAF	Diabetes prevalence (% of population ages 20 to 79)	SH.STA.DIAB.ZS	
Morocco	MAR	Diabetes prevalence (% of population ages 20 to 79)	SH.STA.DIAB.ZS	7
Monaco	MCO	Diabetes prevalence (% of population ages 20 to 79)	SH.STA.DIAB.ZS	2.9
Moldova	MDA	Diabetes prevalence (% of population ages 20 to 79)	SH.STA.DIAB.ZS	5.7
Madagascar	MDG	Diabetes prevalence (% of population ages 20 to 79)	SH.STA.DIAB.ZS	4.5
Maldives	MDV	Diabetes prevalence (% of population ages 20 to 79)	SH.STA.DIAB.ZS	9.2
Middle East & North Africa	MEA	Diabetes prevalence (% of population ages 20 to 79)	SH.STA.DIAB.ZS	11.37388397
Mexico	MEX	Diabetes prevalence (% of population ages 20 to 79)	SH.STA.DIAB.ZS	13.5
Marshall Islands	MHL	Diabetes prevalence (% of population ages 20 to 79)	SH.STA.DIAB.ZS	30.5
Middle income	MIC	Diabetes prevalence (% of population ages 20 to 79)	SH.STA.DIAB.ZS	9.243914734
North Macedonia	MKD	Diabetes prevalence (% of population ages 20 to 79)	SH.STA.DIAB.ZS	9.3
Mali	MLI	Diabetes prevalence (% of population ages 20 to 79)	SH.STA.DIAB.ZS	2.4
Malta	MLT	Diabetes prevalence (% of population ages 20 to 79)	SH.STA.DIAB.ZS	8.3
Myanmar	MMR	Diabetes prevalence (% of population ages 20 to 79)	SH.STA.DIAB.ZS	3.9
Middle East & North Africa (excluding high income)	MNA	Diabetes prevalence (% of population ages 20 to 79)	SH.STA.DIAB.ZS	10.79064362
Montenegro	MNE	Diabetes prevalence (% of population ages 20 to 79)	SH.STA.DIAB.ZS	9
Mongolia	MNG	Diabetes prevalence (% of population ages 20 to 79)	SH.STA.DIAB.ZS	4.7
Northern Mariana Islands	MNP	Diabetes prevalence (% of population ages 20 to 79)	SH.STA.DIAB.ZS	
Mozambique	MOZ	Diabetes prevalence (% of population ages 20 to 79)	SH.STA.DIAB.ZS	3.3
Mauritania	MRT	Diabetes prevalence (% of population ages 20 to 79)	SH.STA.DIAB.ZS	7.1
Mauritius	MUS	Diabetes prevalence (% of population ages 20 to 79)	SH.STA.DIAB.ZS	22
Malawi	MWI	Diabetes prevalence (% of population ages 20 to 79)	SH.STA.DIAB.ZS	4.5
Malaysia	MYS	Diabetes prevalence (% of population ages 20 to 79)	SH.STA.DIAB.ZS	16.7
North America	NAC	Diabetes prevalence (% of population ages 20 to 79)	SH.STA.DIAB.ZS	10.46140508
Namibia	NAM	Diabetes prevalence (% of population ages 20 to 79)	SH.STA.DIAB.ZS	4.5
New Caledonia	NCL	Diabetes prevalence (% of population ages 20 to 79)	SH.STA.DIAB.ZS	21.8
Niger	NER	Diabetes prevalence (% of population ages 20 to 79)	SH.STA.DIAB.ZS	2.4
Nigeria	NGA	Diabetes prevalence (% of population ages 20 to 79)	SH.STA.DIAB.ZS	3.1
Nicaragua	NIC	Diabetes prevalence (% of population ages 20 to 79)	SH.STA.DIAB.ZS	11.4
Netherlands	NLD	Diabetes prevalence (% of population ages 20 to 79)	SH.STA.DIAB.ZS	5.4
Norway	NOR	Diabetes prevalence (% of population ages 20 to 79)	SH.STA.DIAB.ZS	5.3
Nepal	NPL	Diabetes prevalence (% of population ages 20 to 79)	SH.STA.DIAB.ZS	7.2
Nauru	NRU	Diabetes prevalence (% of population ages 20 to 79)	SH.STA.DIAB.ZS	12
New Zealand	NZL	Diabetes prevalence (% of population ages 20 to 79)	SH.STA.DIAB.ZS	6.2
OECD members	OED	Diabetes prevalence (% of population ages 20 to 79)	SH.STA.DIAB.ZS	8.316568216
Oman	OMN	Diabetes prevalence (% of population ages 20 to 79)	SH.STA.DIAB.ZS	10.1
Other small states	OSS	Diabetes prevalence (% of population ages 20 to 79)	SH.STA.DIAB.ZS	8.241792773
Pakistan	PAK	Diabetes prevalence (% of population ages 20 to 79)	SH.STA.DIAB.ZS	19.9
Panama	PAN	Diabetes prevalence (% of population ages 20 to 79)	SH.STA.DIAB.ZS	7.7
Peru	PER	Diabetes prevalence (% of population ages 20 to 79)	SH.STA.DIAB.ZS	6.6
Philippines	PHL	Diabetes prevalence (% of population ages 20 to 79)	SH.STA.DIAB.ZS	7.1
Palau	PLW	Diabetes prevalence (% of population ages 20 to 79)	SH.STA.DIAB.ZS	17.9
Papua New Guinea	PNG	Diabetes prevalence (% of population ages 20 to 79)	SH.STA.DIAB.ZS	17.9
Poland	POL	Diabetes prevalence (% of population ages 20 to 79)	SH.STA.DIAB.ZS	6.1
Pre-demographic dividend	PRE	Diabetes prevalence (% of population ages 20 to 79)	SH.STA.DIAB.ZS	5.37127964
Puerto Rico	PRI	Diabetes prevalence (% of population ages 20 to 79)	SH.STA.DIAB.ZS	13.7
"Korea, Dem. People's Rep."	PRK	Diabetes prevalence (% of population ages 20 to 79)	SH.STA.DIAB.ZS	6.4
Portugal	PRT	Diabetes prevalence (% of population ages 20 to 79)	SH.STA.DIAB.ZS	9.8
Paraguay	PRY	Diabetes prevalence (% of population ages 20 to 79)	SH.STA.DIAB.ZS	9.6
West Bank and Gaza	PSE	Diabetes prevalence (% of population ages 20 to 79)	SH.STA.DIAB.ZS	9.5
Pacific island small states	PSS	Diabetes prevalence (% of population ages 20 to 79)	SH.STA.DIAB.ZS	15.32531086
Post-demographic dividend	PST	Diabetes prevalence (% of population ages 20 to 79)	SH.STA.DIAB.ZS	7.578810942
French Polynesia	PYF	Diabetes prevalence (% of population ages 20 to 79)	SH.STA.DIAB.ZS	19.5
Qatar	QAT	Diabetes prevalence (% of population ages 20 to 79)	SH.STA.DIAB.ZS	15.6
Romania	ROU	Diabetes prevalence (% of population ages 20 to 79)	SH.STA.DIAB.ZS	6.9
Russian Federation	RUS	Diabetes prevalence (% of population ages 20 to 79)	SH.STA.DIAB.ZS	6.1
Rwanda	RWA	Diabetes prevalence (% of population ages 20 to 79)	SH.STA.DIAB.ZS	5.1
South Asia	SAS	Diabetes prevalence (% of population ages 20 to 79)	SH.STA.DIAB.ZS	11.23792645
Saudi Arabia	SAU	Diabetes prevalence (% of population ages 20 to 79)	SH.STA.DIAB.ZS	15.8
Sudan	SDN	Diabetes prevalence (% of population ages 20 to 79)	SH.STA.DIAB.ZS	22.1
Senegal	SEN	Diabetes prevalence (% of population ages 20 to 79)	SH.STA.DIAB.ZS	2.4
Singapore	SGP	Diabetes prevalence (% of population ages 20 to 79)	SH.STA.DIAB.ZS	5.5
Solomon Islands	SLB	Diabetes prevalence (% of population ages 20 to 79)	SH.STA.DIAB.ZS	19
Sierra Leone	SLE	Diabetes prevalence (% of population ages 20 to 79)	SH.STA.DIAB.ZS	2.4
El Salvador	SLV	Diabetes prevalence (% of population ages 20 to 79)	SH.STA.DIAB.ZS	8.8
San Marino	SMR	Diabetes prevalence (% of population ages 20 to 79)	SH.STA.DIAB.ZS	5.9
Somalia	SOM	Diabetes prevalence (% of population ages 20 to 79)	SH.STA.DIAB.ZS	5.1
Serbia	SRB	Diabetes prevalence (% of population ages 20 to 79)	SH.STA.DIAB.ZS	9
Sub-Saharan Africa (excluding high income)	SSA	Diabetes prevalence (% of population ages 20 to 79)	SH.STA.DIAB.ZS	5.331305536
South Sudan	SSD	Diabetes prevalence (% of population ages 20 to 79)	SH.STA.DIAB.ZS	10.2
Sub-Saharan Africa	SSF	Diabetes prevalence (% of population ages 20 to 79)	SH.STA.DIAB.ZS	5.359439759
Small states	SST	Diabetes prevalence (% of population ages 20 to 79)	SH.STA.DIAB.ZS	9.268439233
Sao Tome and Principe	STP	Diabetes prevalence (% of population ages 20 to 79)	SH.STA.DIAB.ZS	2.4
Suriname	SUR	Diabetes prevalence (% of population ages 20 to 79)	SH.STA.DIAB.ZS	12.5
Slovak Republic	SVK	Diabetes prevalence (% of population ages 20 to 79)	SH.STA.DIAB.ZS	6.5
Slovenia	SVN	Diabetes prevalence (% of population ages 20 to 79)	SH.STA.DIAB.ZS	5.9
Sweden	SWE	Diabetes prevalence (% of population ages 20 to 79)	SH.STA.DIAB.ZS	4.8
Eswatini	SWZ	Diabetes prevalence (% of population ages 20 to 79)	SH.STA.DIAB.ZS	4.5
Sint Maarten (Dutch part)	SXM	Diabetes prevalence (% of population ages 20 to 79)	SH.STA.DIAB.ZS	6.8
Seychelles	SYC	Diabetes prevalence (% of population ages 20 to 79)	SH.STA.DIAB.ZS	12.3
Syrian Arab Republic	SYR	Diabetes prevalence (% of population ages 20 to 79)	SH.STA.DIAB.ZS	13.5
Turks and Caicos Islands	TCA	Diabetes prevalence (% of population ages 20 to 79)	SH.STA.DIAB.ZS	
Chad	TCD	Diabetes prevalence (% of population ages 20 to 79)	SH.STA.DIAB.ZS	6
East Asia & Pacific (IDA & IBRD countries)	TEA	Diabetes prevalence (% of population ages 20 to 79)	SH.STA.DIAB.ZS	8.514102144
Europe & Central Asia (IDA & IBRD countries)	TEC	Diabetes prevalence (% of population ages 20 to 79)	SH.STA.DIAB.ZS	7.099253315
Togo	TGO	Diabetes prevalence (% of population ages 20 to 79)	SH.STA.DIAB.ZS	2.4
Thailand	THA	Diabetes prevalence (% of population ages 20 to 79)	SH.STA.DIAB.ZS	7
Tajikistan	TJK	Diabetes prevalence (% of population ages 20 to 79)	SH.STA.DIAB.ZS	6.1
Turkmenistan	TKM	Diabetes prevalence (% of population ages 20 to 79)	SH.STA.DIAB.ZS	6.1
Latin America & the Caribbean (IDA & IBRD countries)	TLA	Diabetes prevalence (% of population ages 20 to 79)	SH.STA.DIAB.ZS	9.67106673
Timor-Leste	TLS	Diabetes prevalence (% of population ages 20 to 79)	SH.STA.DIAB.ZS	6.7
Middle East & North Africa (IDA & IBRD countries)	TMN	Diabetes prevalence (% of population ages 20 to 79)	SH.STA.DIAB.ZS	10.80461552
Tonga	TON	Diabetes prevalence (% of population ages 20 to 79)	SH.STA.DIAB.ZS	15.7
South Asia (IDA & IBRD)	TSA	Diabetes prevalence (% of population ages 20 to 79)	SH.STA.DIAB.ZS	11.23792645
Sub-Saharan Africa (IDA & IBRD countries)	TSS	Diabetes prevalence (% of population ages 20 to 79)	SH.STA.DIAB.ZS	5.359439759
Trinidad and Tobago	TTO	Diabetes prevalence (% of population ages 20 to 79)	SH.STA.DIAB.ZS	11
Tunisia	TUN	Diabetes prevalence (% of population ages 20 to 79)	SH.STA.DIAB.ZS	8.5
Turkey	TUR	Diabetes prevalence (% of population ages 20 to 79)	SH.STA.DIAB.ZS	11.1
Tuvalu	TUV	Diabetes prevalence (% of population ages 20 to 79)	SH.STA.DIAB.ZS	22.1
Tanzania	TZA	Diabetes prevalence (% of population ages 20 to 79)	SH.STA.DIAB.ZS	5.7
Uganda	UGA	Diabetes prevalence (% of population ages 20 to 79)	SH.STA.DIAB.ZS	2.5
Ukraine	UKR	Diabetes prevalence (% of population ages 20 to 79)	SH.STA.DIAB.ZS	6.1
Upper middle income	UMC	Diabetes prevalence (% of population ages 20 to 79)	SH.STA.DIAB.ZS	9.001464783
Uruguay	URY	Diabetes prevalence (% of population ages 20 to 79)	SH.STA.DIAB.ZS	7.3
United States	USA	Diabetes prevalence (% of population ages 20 to 79)	SH.STA.DIAB.ZS	10.8
Uzbekistan	UZB	Diabetes prevalence (% of population ages 20 to 79)	SH.STA.DIAB.ZS	6.5
St. Vincent and the Grenadines	VCT	Diabetes prevalence (% of population ages 20 to 79)	SH.STA.DIAB.ZS	11.6
"Venezuela, RB"	VEN	Diabetes prevalence (% of population ages 20 to 79)	SH.STA.DIAB.ZS	7
British Virgin Islands	VGB	Diabetes prevalence (% of population ages 20 to 79)	SH.STA.DIAB.ZS	14.2
Virgin Islands (U.S.)	VIR	Diabetes prevalence (% of population ages 20 to 79)	SH.STA.DIAB.ZS	12.3
Vietnam	VNM	Diabetes prevalence (% of population ages 20 to 79)	SH.STA.DIAB.ZS	6
Vanuatu	VUT	Diabetes prevalence (% of population ages 20 to 79)	SH.STA.DIAB.ZS	11.9
World	WLD	Diabetes prevalence (% of population ages 20 to 79)	SH.STA.DIAB.ZS	8.811990156
Samoa	WSM	Diabetes prevalence (% of population ages 20 to 79)	SH.STA.DIAB.ZS	9.2
Kosovo	XKX	Diabetes prevalence (% of population ages 20 to 79)	SH.STA.DIAB.ZS	
"Yemen, Rep."	YEM	Diabetes prevalence (% of population ages 20 to 79)	SH.STA.DIAB.ZS	5.4
South Africa	ZAF	Diabetes prevalence (% of population ages 20 to 79)	SH.STA.DIAB.ZS	12.7
Zambia	ZMB	Diabetes prevalence (% of population ages 20 to 79)	SH.STA.DIAB.ZS	4.5
Zimbabwe	ZWE	Diabetes prevalence (% of population ages 20 to 79)	SH.STA.DIAB.ZS	1.8
